"","cluster","mean.jobs10","sd.jobs10","conf.jobs10","n.jobs10","mean.jobs30","sd.jobs30","conf.jobs30","n.jobs30","mean.jobs60","sd.jobs60","conf.jobs60","n.jobs60","mean.population10","sd.population10","conf.population10","n.population10","mean.population30","sd.population30","conf.population30","n.population30","mean.population60","sd.population60","conf.population60","n.population60","mean.bike30","sd.bike30","conf.bike30","n.bike30","p.weekend","conf.weekend","n.weekend","p.casual","conf.casual","n.casual"
"1",1,0.635981472085877,0.61289375808875,0.00852516799029568,19857,1.0133994261844,0.245851403107193,0.00341971913480513,19857,1.01944073551481,0.052352735363465,0.000728210816042286,19857,4.12891320953115,2.02498144736979,0.0281668833924717,19857,1.07400730147516,0.502222124786638,0.00698575882972093,19857,0.900136156846002,0.119517672895451,0.00166245491293678,19857,1.0014520488157,0.0254682337155783,0.000354255477357916,19857,0.156317671350154,0.00505117910686944,19857,0.201490658206174,0.00557913296530079,19857
"2",2,5.8915155144943,2.62923356441605,0.0381953763732796,18205,1.28214681613008,0.26663779489536,0.0038734979916596,18205,1.01231562737637,0.0612967481802684,0.000890469526515222,18205,0.784283226166739,0.69754502440955,0.0101333693229908,18205,1.70889055470415,0.667505496018346,0.00969697937707405,18205,1.15334532557686,0.160660323771464,0.00233394309952335,18205,1.00287127166831,0.035791957969,0.000519956585167886,18205,0.100686624553694,0.00437121478815298,18205,0.127272727272727,0.00484136335833463,18205
"3",3,0.913955442032447,0.806790541824161,0.00485818018449522,105945,0.913036739883865,0.253919910771771,0.00152900736313921,105945,0.979248084549555,0.0617727583641225,0.000371971627168131,105945,0.86150439876685,0.5724241612568,0.00344691660744603,105945,0.856572959039678,0.393528287911003,0.00236967494195569,105945,0.970047603279097,0.152849128060488,0.00092039825291194,105945,0.999661994472981,0.0269338858819794,0.000162185429674765,105945,0.17045636887064,0.00226434225864445,105945,0.226966822407853,0.00252229625040812,105945